Page url,Poster,Name,Organizer,Description,Category,Highlights,Refund Policy,Address,Price,Date & Time
https://www.eventbrite.ca/e/soupfest-tickets-1975354635891,https://img.evbuc.com/https%3A%2F%2Fcdn.evbuc.com%2Fimages%2F1171676650%2F51735374208%2F1%2Foriginal.20251124-211724?w=1000&auto=format%2Ccompress&q=75&sharp=10&rect=1%2C121%2C1274%2C637&s=5dbaf022ac710e9500b447b4b5640614,Soupfest,Living Rock Ministries,"Support Hamilton youth while sampling the best soups from local restaurants — a Souper- fun, flavour-packed community event!","Food & Drink, Food","Paid parking, Parking available, 7 hours 30 minutes, under 16 with parent or legal guardian, In person, Doors at 11:15 AM",No Refunds,"1 Summers Lane, Hamilton, ON L8P 4Y2, Canada",CAD 22.63 - CAD 49.26,Feb 24 at 11:30 AM EST
https://www.eventbrite.com/e/fever-dream-with-dj-nicholas-picholas-tickets-1981596052135,https://cdn.evbuc.com/images/1175864639/1899067332883/1/logo.20260126-182548,FEVER DREAM with DJ NICHOLAS PICHOLAS,This Is Ridiculous Inc.,"A night of Alternative 90s and millenium classics from the pit of Fever. From Rage to Ride, NIN to Pulp @ RIDICULOUS, 38 King William St","Music, DJ/Dance","3 hours 59 minutes, In person",No Refunds,"38 King William Street, Hamilton, ON L8N 1B3, Canada",CAD 22.63,Feb 28 at 8:00 PM EST
https://www.eventbrite.ca/e/ancaster-soft-vibes-sparkly-things-holistic-healing-fairtm-tickets-1715913867569,https://cdn.evbuc.com/images/1172279100/335575615405/1/logo.20251204-003612,ANCASTER - SOFT VIBES & SPARKLY THINGS HOLISTIC HEALING FAIR™,Holistic Healing Fair™,"Step into soft vibes, sparkly energy, and all things wellness at the Ancaster Holistic Healing Fair™.","Health, Personal health","Free parking, 6 hours, all ages, In person",Refunds up to 7 days before event,"630 Trinity Road South, Hamilton, ON L0R 1R0, Canada",Donation,Mar 1 at 10:00 AM EST
https://www.eventbrite.ca/e/kate-quinn-and-janie-chang-in-conversation-tickets-1981858022696,https://img.evbuc.com/https%3A%2F%2Fcdn.evbuc.com%2Fimages%2F1177101185%2F241698097804%2F1%2Foriginal.20260209-203841?w=1000&auto=format%2Ccompress&q=75&sharp=10&rect=0%2C33%2C1920%2C960&s=4ea87b45adbdb891f706e1450b947fba,Kate Quinn and Janie Chang in Conversation,Hamilton Literary Festival Association,gritLIT is pleased to welcome Kate Quinn and Janie Chang to the First Unitarian Church of Hamilton.,"Arts, Literary Arts",In person,Refunds up to 7 days before event,"170 Dundurn Street South, Hamilton, ON L8P 4K3, Canada",17.55 CAD,Mar 7 at 1:00 PM EST
https://www.eventbrite.com/e/ancient-shapes-at-corktown-tickets-1927620337319,https://img.evbuc.com/https%3A%2F%2Fcdn.evbuc.com%2Fimages%2F1166974403%2F2174542756383%2F1%2Foriginal.20251031-014144?w=1000&auto=format%2Ccompress&q=75&sharp=10&rect=0%2C0%2C1080%2C540&s=633b7b8c0a0d222b6a6b0bd0ae8d7bc6,ANCIENT SHAPES AT CORKTOWN,INTO THE ABYSS RECORDS,"*VENUE CHANGE* ANCIENT SHAPES play Hamilton for the first time in a long time. MOD LANG joins them for this tour, and they are rad.","Music, Rock","3 hours, In person",Refunds up to 7 days before event,"175 Young Street, Hamilton, ON L8N 1V7, Canada",CAD 22.63,Feb 26 at 8:00 PM EST
https://www.eventbrite.ca/e/steve-strongman-march-1-at-the-shed-tickets-1969838692556,https://img.evbuc.com/https%3A%2F%2Fcdn.evbuc.com%2Fimages%2F1170897186%2F690348627453%2F1%2Foriginal.20251113-173507?w=1000&auto=format%2Ccompress&q=75&sharp=10&rect=0%2C0%2C2160%2C1080&s=5997451b9d27a7094797cbc5de76494e,STEVE STRONGMAN March 1 at The SHED!,Shawn & Ed Brewing Co,MARCH `1! Don't miss JUNO AWARD WINNING musician Steve Strongman at Shawn & Ed Brewing Co.,"Music, Blues & Jazz","2 hours, In person",Refunds up to 7 days before event,"65 Hatt Street, Hamilton, ON L9H 0C1, Canada",CAD 30.0,Mar 1 at 1:00 PM EST
https://www.eventbrite.ca/e/lost-faculty-album-release-show-w-kasador-bbq-pope-tickets-1978174012723,https://img.evbuc.com/https%3A%2F%2Fcdn.evbuc.com%2Fimages%2F1173078380%2F1705870505933%2F1%2Foriginal.20251216-185257?w=1000&auto=format%2Ccompress&q=75&sharp=10&rect=1%2C1007%2C1996%2C998&s=cc47667239107d6eef0baa01bdca684f,Lost Faculty Album Release Show w/ Kasador & BBQ Pope,Lost Faculty,Lost Faculty celebrates the release of their debut album in their hometown with Kasador and BBQ Pope at Corktown (Upstairs).,"Music, Indie","3 hours 30 minutes, ages 19+, In person",Refunds up to 7 days before event,"175 Young Street, Hamilton, ON L8N 1V7, Canada",CAD 17.55 - CAD 22.9,Mar 6 at 8:00 PM EST
https://www.eventbrite.ca/e/the-compassionate-self-using-mindfulness-to-discover-the-joy-within-tickets-1980407204259,https://img.evbuc.com/https%3A%2F%2Fcdn.evbuc.com%2Fimages%2F1174651994%2F158174638791%2F1%2Foriginal.20260112-190643?w=1000&auto=format%2Ccompress&q=75&sharp=10&rect=0%2C0%2C2160%2C1080&s=9cfa4d49ae3898237b8ecbdbcd08f5f9,The Compassionate Self: Using Mindfulness to Discover the Joy Within,Mindfulness Hamilton,We invite you to join this interactive day long workshop focused on building self-compassion skills.,"Health, Personal health","7 hours, In person",Refunds up to 1 day before event,"2 Bond Street North, Hamilton, ON L8S 3W1, Canada",CAD 50.0 - CAD 110.0,Feb 21 at 9:00 AM EST
https://www.eventbrite.ca/e/st-patricks-day-concert-with-celtic-effect-at-the-shed-tickets-1969828735775,https://img.evbuc.com/https%3A%2F%2Fcdn.evbuc.com%2Fimages%2F1170894989%2F690348627453%2F1%2Foriginal.20251113-171240?w=1000&auto=format%2Ccompress&q=75&sharp=10&rect=0%2C0%2C2160%2C1080&s=a620c6f63c933b2e8c80eab171b8c5dd,St. Patrick's Day Concert with CELTIC EFFECT at The SHED,Shawn & Ed Brewing Co,MARCH 17 - Celebrate St. Patrick's Day with Live Music at Shawn & Ed Brewing Co.! Don't miss CELTIC EFFECT!,"Arts, Musical","3 hours, In person",Refunds up to 7 days before event,"65 Hatt St, Hamilton, ON L9H 0C1, Canada",CAD 11.3,Mar 17 at 6:00 PM EDT
https://www.eventbrite.ca/e/80s-gone-wild-epic-debut-at-ridiculous-hamilton-ontario-tickets-1980155743132,https://img.evbuc.com/https%3A%2F%2Fcdn.evbuc.com%2Fimages%2F1142101793%2F1518597396763%2F1%2Foriginal.20251002-011434?w=1000&auto=format%2Ccompress&q=75&sharp=10&rect=0%2C41%2C3300%2C1650&s=e6abfc1f3e4419274a28000956961178,"80s GONE WILD - Epic Debut at Ridiculous - Hamilton, Ontario",ATN Productions,"80s GONE WILD makes their big debut at Ridiculous: Hamilton, Ontario's newest live venue on Feb. 21, 2026.","Music, Rock",In person,No Refunds,"38 King William Street, Hamilton, ON L8N 1B3, Canada",CAD 22.63,Feb 21 at 9:00 PM EST
https://www.eventbrite.com/e/kids-adventure-expo-tickets-1979102952206,https://img.evbuc.com/https%3A%2F%2Fcdn.evbuc.com%2Fimages%2F1173560308%2F2987086635653%2F1%2Foriginal.20251227-045343?w=1000&auto=format%2Ccompress&q=75&sharp=10&rect=0%2C0%2C2160%2C1080&s=c2691e7a744b545b44df004a7996dc92,Kids Adventure Expo,EduColor Press,"A high-energy kids expo with bouncy castles, amazing performances, hands-on workshops, and kid-focused vendors.","Family & Education, Children & Youth","Free parking, 6 hours, all ages, In person",Refunds up to 7 days before event,"491 Grey Street, Brantford, ON N3S 7L7, Canada",CAD 0.0 - CAD 25.0,Feb 21 at 10:00 AM EST
https://www.eventbrite.ca/e/19th-annual-mcmaster-wise-conference-shaping-the-future-of-stem-tickets-1975855299389,https://cdn.evbuc.com/images/1171879242/51350037602/1/logo.20251127-155051,19th ANNUAL MCMASTER WISE CONFERENCE: Shaping the Future of STEM,McMaster Women In Science and Engineering (WISE),"Join us on March 7, 2026, for the 19th Annual WISE Conference —research, networking & workshops in celebration of International Women's Day!","Science & Tech, Science","6 hours 30 minutes, In person",No Refunds,"1280 Main Street West, Hamilton, ON L8S 4L8, Canada",30.00 CAD - 60.00 CAD,Mar 7 at 10:30 AM EST
https://www.eventbrite.ca/e/shania-twang-tribute-concert-at-the-shed-tickets-1970617365588,https://img.evbuc.com/https%3A%2F%2Fcdn.evbuc.com%2Fimages%2F1170988892%2F690348627453%2F1%2Foriginal.20251114-181720?w=1000&auto=format%2Ccompress&q=75&sharp=10&rect=0%2C0%2C2160%2C1080&s=087336a78d74298c81576072d3c9c6db,SHANIA TWANG Tribute Concert at The SHED,Shawn & Ed Brewing Co,MARCH 6 - Don't miss this awesome celebration of Shania Twain at Shawn & Ed Brewing Co.!,"Music, Rock","2 hours, In person",Refunds up to 7 days before event,"65 Hatt St, Hamilton, ON L9H 0C1, Canada",CAD 25.57,Mar 6 at 8:00 PM EST
https://www.eventbrite.com/e/cozy-craft-club-at-aquanova-brewery-tickets-1981969383780,https://img.evbuc.com/https%3A%2F%2Fcdn.evbuc.com%2Fimages%2F1176210968%2F2983050326896%2F1%2Foriginal.20260129-221948?w=1000&auto=format%2Ccompress&q=75&sharp=10&rect=0%2C0%2C2160%2C1080&s=23e251fbfe58ed90023c538189aeaa9b,Cozy Craft Club at Aquanova Brewery,Lucky Goods Paper,"Join us for a cozy afternoon of crafting, sipping, and soft tunes at Aquanova Brewery.","Hobbies, DIY","Free parking, 3 hours, ages 19+, In person",Refunds up to 7 days before event,"67 Frid Street #Unit 13, Hamilton, ON L8P 4M3, Canada",CAD 25.57,Feb 22 at 3:00 PM EST
https://www.eventbrite.ca/e/wrw-come-alive-worship-music-tech-conference-2026-tickets-1980130523700,https://img.evbuc.com/https%3A%2F%2Fcdn.evbuc.com%2Fimages%2F1176519790%2F2011085136793%2F1%2Foriginal.20260203-011543?w=1000&auto=format%2Ccompress&q=75&sharp=10&rect=0%2C0%2C2160%2C1080&s=83ac2b9821988a9c69839b42fb643edd,WRW - COME ALIVE - Worship Music & Tech Conference 2026,Waterloo Region Worship Network,"An invitation for worship leaders and teams to awaken their hearts, be renewed by God, and come alive in Christ.","Spirituality, Christianity","Free parking, 22 hours, all ages, In person, Doors at 6:00 PM",No Refunds,"55 Franklin Boulevard, Cambridge, ON N1R 5S2, Canada",49.26 CAD - 70.56 CAD,Mar 6 at 7:00 PM EST
https://www.eventbrite.ca/e/silver-screen-sing-along-and-social-tickets-1981956386906,https://cdn.evbuc.com/images/1176192955/23012149288/1/logo.20260129-192450,Silver Screen Sing-Along and Social,Hamilton Children's Choir,"Sing along to movie favourites, play games, enjoy snacks, and soak up the fun at HCC’s Silver Screen Sing-Along & Social.","Charity & Causes, Other","5 hours, In person",Refunds up to 7 days before event,"286 Sanford Avenue North, Hamilton, ON L8L 6A1, Canada",CAD 6.66 - CAD 11.98,Feb 21 at 11:00 AM EST
https://www.eventbrite.ca/e/fascination-4th-anniversary-friday-feb-27-w-3-goth-djs-2-bands-3-drag-tickets-1982417844137,https://cdn.evbuc.com/images/1176754237/673233413773/1/logo.20260205-064739,"FASCINATION 4TH ANNIVERSARY!! - FRIDAY FEB 27 w 3 GOTH DJs, 2 BANDS, 3 DRAG",Honey Boiler,"Celebrating our 4TH ANNIVERSARY of Fascination!! Incredible jam PACKED night of all things goth feat: OLGA, CRAVEN BLOOD, R-ODERICK, HEXE+++","Music, Alternative",In person,No Refunds,"175 Young St, Hamilton, ON L8N 1V7, Canada",CAD 14.87 - CAD 28.25,Feb 27 at 9:00 PM EST
https://www.eventbrite.com/e/the-sadies-hamilton-tickets-1981926800412,https://cdn.evbuc.com/images/1176146245/1899067332883/1/logo.20260129-102352,THE SADIES -- Hamilton,This Is Ridiculous Inc.,"THE SADIES return to Hamilton, making their debut at Hamilton's newest entertainment venue -- FRIDAY MARCH 6","Music, Americana","3 hours 30 minutes, In person",No Refunds,"38 King William Street, Hamilton, ON L8N 1B3, Canada",CAD 36.21,Mar 6 at 8:00 PM EST
https://www.eventbrite.ca/e/enzone-experience-pop-up-hiit-event-tickets-1980016848695,https://img.evbuc.com/https%3A%2F%2Fcdn.evbuc.com%2Fimages%2F1174231502%2F316012554908%2F1%2Foriginal.20260107-184135?w=1000&auto=format%2Ccompress&q=75&sharp=10&rect=0%2C16%2C1178%2C589&s=56f7ec5dd0d73135068d04d3e7770321,EnZone Experience Pop Up HIIT Event,Matt Bucknor,Join us for a high energy HIIT workout at Leander Boat Club!,"Sports & Fitness, Exercise","2 hours, In person",Refunds up to 7 days before event,"50 Leander Drive, Hamilton, ON L8L 8L1, Canada",38.95 CAD,Feb 21 at 1:00 PM EST
https://www.eventbrite.ca/e/tacos-after-dark-a-monthly-supper-club-at-the-historic-cotton-factory-tickets-1982732417033,https://cdn.evbuc.com/images/1177308683/2507087653231/1/logo.20260211-192844,"Tacos after Dark, A Monthly Supper Club at the historic Cotton Factory",Samplelicious,"Candlelit tacos, long tables, great people. Some nights are about dinner. This one is about gathering. Limited seats. See you at the table.","Food & Drink, Food","Free parking, 2 hours, all ages, In person, Doors at 5:20 PM",Refunds up to 7 days before event,"270 Sherman Avenue North, Hamilton, ON L8L 6N4, Canada",CAD 0.0 - CAD 16.24,Feb 26 at 5:30 PM EST
